,param_C,param_max_iter,param_penalty,param_solver,mean_test_score,mean_fit_time,rank_test_score
0,0.01,50,l1,liblinear,0.8779824717238112,0.023264598846435548,1
1,0.01,50,l1,saga,0.8482850713566649,0.06024336814880371,531
2,0.01,50,l1,lbfgs,,0.0018120288848876953,541
3,0.01,50,l1,newton-cg,,0.002132749557495117,541
4,0.01,50,l2,liblinear,0.8701346597974773,0.014189338684082032,11
5,0.01,50,l2,saga,0.8521321726772072,0.05520529747009277,501
6,0.01,50,l2,lbfgs,0.8521321726772072,0.027856826782226562,501
7,0.01,50,l2,newton-cg,0.8521321726772072,0.02455134391784668,501
8,0.01,50,elasticnet,liblinear,,0.0015542030334472657,541
9,0.01,50,elasticnet,saga,,0.0009495258331298828,541
10,0.01,50,elasticnet,lbfgs,,0.00226287841796875,541
11,0.01,50,elasticnet,newton-cg,,0.002522706985473633,541
12,0.01,50,,liblinear,,0.00202789306640625,541
13,0.01,50,,saga,0.8584401018534967,0.07964930534362794,91
14,0.01,50,,lbfgs,0.8584401018534967,0.026808738708496094,91
15,0.01,50,,newton-cg,0.8584401018534967,0.034539079666137694,91
16,0.01,100,l1,liblinear,0.8779824717238112,0.02603611946105957,1
17,0.01,100,l1,saga,0.8482850713566649,0.061630535125732425,531
18,0.01,100,l1,lbfgs,,0.001236295700073242,541
19,0.01,100,l1,newton-cg,,0.0020134449005126953,541
20,0.01,100,l2,liblinear,0.8701346597974773,0.014256048202514648,11
21,0.01,100,l2,saga,0.8521321726772072,0.05818915367126465,501
22,0.01,100,l2,lbfgs,0.8521321726772072,0.02678675651550293,501
23,0.01,100,l2,newton-cg,0.8521321726772072,0.02941741943359375,501
24,0.01,100,elasticnet,liblinear,,0.0029924869537353515,541
25,0.01,100,elasticnet,saga,,0.0013796329498291016,541
26,0.01,100,elasticnet,lbfgs,,0.0016121387481689454,541
27,0.01,100,elasticnet,newton-cg,,0.0018729686737060547,541
28,0.01,100,,liblinear,,0.001627206802368164,541
29,0.01,100,,saga,0.8584401018534967,0.07775692939758301,91
30,0.01,100,,lbfgs,0.8584401018534967,0.02880063056945801,91
31,0.01,100,,newton-cg,0.8584401018534967,0.03260097503662109,91
32,0.01,150,l1,liblinear,0.8779824717238112,0.023190736770629883,1
33,0.01,150,l1,saga,0.8482850713566649,0.06639685630798339,531
34,0.01,150,l1,lbfgs,,0.001978445053100586,541
35,0.01,150,l1,newton-cg,,0.001609468460083008,541
36,0.01,150,l2,liblinear,0.8701346597974773,0.015035104751586915,11
37,0.01,150,l2,saga,0.8521321726772072,0.07392535209655762,501
38,0.01,150,l2,lbfgs,0.8521321726772072,0.025780773162841795,501
39,0.01,150,l2,newton-cg,0.8521321726772072,0.026946020126342774,501
40,0.01,150,elasticnet,liblinear,,0.002116966247558594,541
41,0.01,150,elasticnet,saga,,0.0017302513122558593,541
42,0.01,150,elasticnet,lbfgs,,0.0014075279235839845,541
43,0.01,150,elasticnet,newton-cg,,0.002013969421386719,541
44,0.01,150,,liblinear,,0.001282501220703125,541
45,0.01,150,,saga,0.8584401018534967,0.09821591377258301,91
46,0.01,150,,lbfgs,0.8584401018534967,0.03098406791687012,91
47,0.01,150,,newton-cg,0.8584401018534967,0.040174341201782225,91
48,0.01,200,l1,liblinear,0.875982471723811,0.027079963684082033,8
49,0.01,200,l1,saga,0.8482850713566649,0.08253669738769531,531
50,0.01,200,l1,lbfgs,,0.0021105289459228517,541
51,0.01,200,l1,newton-cg,,0.0012163639068603516,541
52,0.01,200,l2,liblinear,0.8701346597974773,0.015109825134277343,11
53,0.01,200,l2,saga,0.8521321726772072,0.056272697448730466,501
54,0.01,200,l2,lbfgs,0.8521321726772072,0.022511959075927734,501
55,0.01,200,l2,newton-cg,0.8521321726772072,0.02547316551208496,501
56,0.01,200,elasticnet,liblinear,,0.001365995407104492,541
57,0.01,200,elasticnet,saga,,0.0016123294830322266,541
58,0.01,200,elasticnet,lbfgs,,0.0016107559204101562,541
59,0.01,200,elasticnet,newton-cg,,0.0014302253723144532,541
60,0.01,200,,liblinear,,0.0012317657470703124,541
61,0.01,200,,saga,0.8584401018534967,0.09978833198547363,91
62,0.01,200,,lbfgs,0.8584401018534967,0.03865795135498047,91
63,0.01,200,,newton-cg,0.8584401018534967,0.03918862342834473,91
64,0.01,250,l1,liblinear,0.875982471723811,0.0235931396484375,8
65,0.01,250,l1,saga,0.8482850713566649,0.0675398826599121,531
66,0.01,250,l1,lbfgs,,0.0010085582733154296,541
67,0.01,250,l1,newton-cg,,0.0016211509704589845,541
68,0.01,250,l2,liblinear,0.8701346597974773,0.01708054542541504,11
69,0.01,250,l2,saga,0.8521321726772072,0.07866449356079101,501
70,0.01,250,l2,lbfgs,0.8521321726772072,0.026212263107299804,501
71,0.01,250,l2,newton-cg,0.8521321726772072,0.02295708656311035,501
72,0.01,250,elasticnet,liblinear,,0.001458740234375,541
73,0.01,250,elasticnet,saga,,0.0028200149536132812,541
74,0.01,250,elasticnet,lbfgs,,0.0016117572784423828,541
75,0.01,250,elasticnet,newton-cg,,0.0014356613159179688,541
76,0.01,250,,liblinear,,0.0011179924011230468,541
77,0.01,250,,saga,0.8584401018534967,0.1039773941040039,91
78,0.01,250,,lbfgs,0.8584401018534967,0.025804519653320312,91
79,0.01,250,,newton-cg,0.8584401018534967,0.03236994743347168,91
80,0.01,300,l1,liblinear,0.8779824717238112,0.027353715896606446,1
81,0.01,300,l1,saga,0.8482850713566649,0.06462664604187011,531
82,0.01,300,l1,lbfgs,,0.0030757427215576173,541
83,0.01,300,l1,newton-cg,,0.0017096996307373047,541
84,0.01,300,l2,liblinear,0.8701346597974773,0.018420696258544922,11
85,0.01,300,l2,saga,0.8521321726772072,0.056898641586303714,501
86,0.01,300,l2,lbfgs,0.8521321726772072,0.023866701126098632,501
87,0.01,300,l2,newton-cg,0.8521321726772072,0.02485060691833496,501
88,0.01,300,elasticnet,liblinear,,0.001649951934814453,541
89,0.01,300,elasticnet,saga,,0.0016105175018310547,541
90,0.01,300,elasticnet,lbfgs,,0.0015583515167236328,541
91,0.01,300,elasticnet,newton-cg,,0.001586151123046875,541
92,0.01,300,,liblinear,,0.0016968250274658203,541
93,0.01,300,,saga,0.8584401018534967,0.10353269577026367,91
94,0.01,300,,lbfgs,0.8584401018534967,0.035558557510375975,91
95,0.01,300,,newton-cg,0.8584401018534967,0.029246091842651367,91
96,0.01,250,l1,liblinear,0.875982471723811,0.02332768440246582,8
97,0.01,250,l1,saga,0.8482850713566649,0.06374454498291016,531
98,0.01,250,l1,lbfgs,,0.001951313018798828,541
99,0.01,250,l1,newton-cg,,0.0013285636901855468,541
100,0.01,250,l2,liblinear,0.8701346597974773,0.017287302017211913,11
101,0.01,250,l2,saga,0.8521321726772072,0.05564627647399902,501
102,0.01,250,l2,lbfgs,0.8521321726772072,0.023925971984863282,501
103,0.01,250,l2,newton-cg,0.8521321726772072,0.029028558731079103,501
104,0.01,250,elasticnet,liblinear,,0.0011795997619628907,541
105,0.01,250,elasticnet,saga,,0.002384042739868164,541
106,0.01,250,elasticnet,lbfgs,,0.0017665863037109376,541
107,0.01,250,elasticnet,newton-cg,,0.0021129608154296874,541
108,0.01,250,,liblinear,,0.0014919281005859376,541
109,0.01,250,,saga,0.8584401018534967,0.10306806564331054,91
110,0.01,250,,lbfgs,0.8584401018534967,0.03006596565246582,91
111,0.01,250,,newton-cg,0.8584401018534967,0.03792152404785156,91
112,0.01,400,l1,liblinear,0.8779824717238112,0.025610971450805663,1
113,0.01,400,l1,saga,0.8482850713566649,0.06177215576171875,531
114,0.01,400,l1,lbfgs,,0.0016414165496826173,541
115,0.01,400,l1,newton-cg,,0.0016458988189697265,541
116,0.01,400,l2,liblinear,0.8701346597974773,0.019325113296508788,11
117,0.01,400,l2,saga,0.8521321726772072,0.060704612731933595,501
118,0.01,400,l2,lbfgs,0.8521321726772072,0.028191804885864258,501
119,0.01,400,l2,newton-cg,0.8521321726772072,0.03778095245361328,501
120,0.01,400,elasticnet,liblinear,,0.0037966251373291017,541
121,0.01,400,elasticnet,saga,,0.0016390323638916016,541
122,0.01,400,elasticnet,lbfgs,,0.001719522476196289,541
123,0.01,400,elasticnet,newton-cg,,0.0013502120971679687,541
124,0.01,400,,liblinear,,0.0008036613464355469,541
125,0.01,400,,saga,0.8584401018534967,0.08877773284912109,91
126,0.01,400,,lbfgs,0.8584401018534967,0.02763333320617676,91
127,0.01,400,,newton-cg,0.8584401018534967,0.03982148170471191,91
128,0.01,450,l1,liblinear,0.8779824717238112,0.03218302726745605,1
129,0.01,450,l1,saga,0.8482850713566649,0.08195476531982422,531
130,0.01,450,l1,lbfgs,,0.001327371597290039,541
131,0.01,450,l1,newton-cg,,0.004392099380493164,541
132,0.01,450,l2,liblinear,0.8701346597974773,0.02164907455444336,11
133,0.01,450,l2,saga,0.8521321726772072,0.06591548919677734,501
134,0.01,450,l2,lbfgs,0.8521321726772072,0.02506842613220215,501
135,0.01,450,l2,newton-cg,0.8521321726772072,0.02418341636657715,501
136,0.01,450,elasticnet,liblinear,,0.0016227245330810546,541
137,0.01,450,elasticnet,saga,,0.001719188690185547,541
138,0.01,450,elasticnet,lbfgs,,0.0012746810913085937,541
139,0.01,450,elasticnet,newton-cg,,0.0012624740600585937,541
140,0.01,450,,liblinear,,0.0015259742736816405,541
141,0.01,450,,saga,0.8584401018534967,0.09494237899780274,91
142,0.01,450,,lbfgs,0.8584401018534967,0.03361177444458008,91
143,0.01,450,,newton-cg,0.8584401018534967,0.0451416015625,91
144,0.01,500,l1,liblinear,0.8779824717238112,0.02225050926208496,1
145,0.01,500,l1,saga,0.8482850713566649,0.0658757209777832,531
146,0.01,500,l1,lbfgs,,0.004590320587158203,541
147,0.01,500,l1,newton-cg,,0.0017034530639648438,541
148,0.01,500,l2,liblinear,0.8701346597974773,0.014866161346435546,11
149,0.01,500,l2,saga,0.8521321726772072,0.06907730102539063,501
150,0.01,500,l2,lbfgs,0.8521321726772072,0.02363476753234863,501
151,0.01,500,l2,newton-cg,0.8521321726772072,0.023556280136108398,501
152,0.01,500,elasticnet,liblinear,,0.0018694400787353516,541
153,0.01,500,elasticnet,saga,,0.001250314712524414,541
154,0.01,500,elasticnet,lbfgs,,0.001123046875,541
155,0.01,500,elasticnet,newton-cg,,0.0024002552032470702,541
156,0.01,500,,liblinear,,0.002247047424316406,541
157,0.01,500,,saga,0.8584401018534967,0.09402918815612793,91
158,0.01,500,,lbfgs,0.8584401018534967,0.027435111999511718,91
159,0.01,500,,newton-cg,0.8584401018534967,0.03292078971862793,91
160,0.1,50,l1,liblinear,0.8605952507846272,0.045564794540405275,31
161,0.1,50,l1,saga,0.8582862556996507,0.10343565940856933,441
162,0.1,50,l1,lbfgs,,0.0014421939849853516,541
163,0.1,50,l1,newton-cg,,0.0008059024810791015,541
164,0.1,50,l2,liblinear,0.8616721738615503,0.02255282402038574,21
165,0.1,50,l2,saga,0.8593634156451708,0.08410062789916992,41
166,0.1,50,l2,lbfgs,0.8593634156451708,0.028215742111206053,41
167,0.1,50,l2,newton-cg,0.8593634156451708,0.026262569427490234,41
168,0.1,50,elasticnet,liblinear,,0.0019481658935546875,541
169,0.1,50,elasticnet,saga,,0.0009500026702880859,541
170,0.1,50,elasticnet,lbfgs,,0.0028004169464111326,541
171,0.1,50,elasticnet,newton-cg,,0.002491474151611328,541
172,0.1,50,,liblinear,,0.0015645503997802734,541
173,0.1,50,,saga,0.8584401018534967,0.08869404792785644,91
174,0.1,50,,lbfgs,0.8584401018534967,0.03801155090332031,91
175,0.1,50,,newton-cg,0.8584401018534967,0.04424343109130859,91
176,0.1,100,l1,liblinear,0.8605952507846272,0.039431524276733396,31
177,0.1,100,l1,saga,0.8582862556996507,0.1276620388031006,441
178,0.1,100,l1,lbfgs,,0.00282435417175293,541
179,0.1,100,l1,newton-cg,,0.0016103744506835937,541
180,0.1,100,l2,liblinear,0.8616721738615503,0.0294619083404541,21
181,0.1,100,l2,saga,0.8593634156451708,0.11487116813659667,41
182,0.1,100,l2,lbfgs,0.8593634156451708,0.02923431396484375,41
183,0.1,100,l2,newton-cg,0.8593634156451708,0.026351404190063477,41
184,0.1,100,elasticnet,liblinear,,0.0016091346740722656,541
185,0.1,100,elasticnet,saga,,0.0018124103546142579,541
186,0.1,100,elasticnet,lbfgs,,0.0022519111633300783,541
187,0.1,100,elasticnet,newton-cg,,0.002432584762573242,541
188,0.1,100,,liblinear,,0.0017408370971679688,541
189,0.1,100,,saga,0.8584401018534967,0.08372025489807129,91
190,0.1,100,,lbfgs,0.8584401018534967,0.026694059371948242,91
191,0.1,100,,newton-cg,0.8584401018534967,0.034377241134643556,91
192,0.1,150,l1,liblinear,0.8605952507846272,0.04341840744018555,31
193,0.1,150,l1,saga,0.8582862556996507,0.12840623855590821,441
194,0.1,150,l1,lbfgs,,0.001941823959350586,541
195,0.1,150,l1,newton-cg,,0.001863241195678711,541
196,0.1,150,l2,liblinear,0.8616721738615503,0.019018220901489257,21
197,0.1,150,l2,saga,0.8593634156451708,0.07760229110717773,41
198,0.1,150,l2,lbfgs,0.8593634156451708,0.027414226531982423,41
199,0.1,150,l2,newton-cg,0.8593634156451708,0.024703788757324218,41
200,0.1,150,elasticnet,liblinear,,0.0015078067779541015,541
201,0.1,150,elasticnet,saga,,0.00617823600769043,541
202,0.1,150,elasticnet,lbfgs,,0.0014133930206298828,541
203,0.1,150,elasticnet,newton-cg,,0.0010941505432128906,541
204,0.1,150,,liblinear,,0.0013952255249023438,541
205,0.1,150,,saga,0.8584401018534967,0.08189272880554199,91
206,0.1,150,,lbfgs,0.8584401018534967,0.032784318923950194,91
207,0.1,150,,newton-cg,0.8584401018534967,0.03440871238708496,91
208,0.1,200,l1,liblinear,0.8605952507846272,0.035335445404052736,31
209,0.1,200,l1,saga,0.8582862556996507,0.10313639640808106,441
210,0.1,200,l1,lbfgs,,0.0018362045288085938,541
211,0.1,200,l1,newton-cg,,0.0025121212005615235,541
212,0.1,200,l2,liblinear,0.8616721738615503,0.029607248306274415,21
213,0.1,200,l2,saga,0.8593634156451708,0.08790664672851563,41
214,0.1,200,l2,lbfgs,0.8593634156451708,0.03339924812316895,41
215,0.1,200,l2,newton-cg,0.8593634156451708,0.03460078239440918,41
216,0.1,200,elasticnet,liblinear,,0.0030606746673583984,541
217,0.1,200,elasticnet,saga,,0.0020070552825927736,541
218,0.1,200,elasticnet,lbfgs,,0.0029463768005371094,541
219,0.1,200,elasticnet,newton-cg,,0.0025519847869873045,541
220,0.1,200,,liblinear,,0.0039118766784667965,541
221,0.1,200,,saga,0.8584401018534967,0.10430917739868165,91
222,0.1,200,,lbfgs,0.8584401018534967,0.03183760643005371,91
223,0.1,200,,newton-cg,0.8584401018534967,0.05411534309387207,91
224,0.1,250,l1,liblinear,0.8605952507846272,0.03857865333557129,31
225,0.1,250,l1,saga,0.8582862556996507,0.08630623817443847,441
226,0.1,250,l1,lbfgs,,0.001331329345703125,541
227,0.1,250,l1,newton-cg,,0.002843809127807617,541
228,0.1,250,l2,liblinear,0.8616721738615503,0.0188232421875,21
229,0.1,250,l2,saga,0.8593634156451708,0.07307443618774415,41
230,0.1,250,l2,lbfgs,0.8593634156451708,0.03334174156188965,41
231,0.1,250,l2,newton-cg,0.8593634156451708,0.03386244773864746,41
232,0.1,250,elasticnet,liblinear,,0.0021934986114501955,541
233,0.1,250,elasticnet,saga,,0.0012087345123291016,541
234,0.1,250,elasticnet,lbfgs,,0.0014503002166748047,541
235,0.1,250,elasticnet,newton-cg,,0.0031678199768066405,541
236,0.1,250,,liblinear,,0.0022839069366455077,541
237,0.1,250,,saga,0.8584401018534967,0.12579894065856934,91
238,0.1,250,,lbfgs,0.8584401018534967,0.03525419235229492,91
239,0.1,250,,newton-cg,0.8584401018534967,0.04593129158020019,91
240,0.1,300,l1,liblinear,0.8605952507846272,0.03371877670288086,31
241,0.1,300,l1,saga,0.8582862556996507,0.08946800231933594,441
242,0.1,300,l1,lbfgs,,0.0011752128601074218,541
243,0.1,300,l1,newton-cg,,0.0014754295349121093,541
244,0.1,300,l2,liblinear,0.8616721738615503,0.01898036003112793,21
245,0.1,300,l2,saga,0.8593634156451708,0.0718611240386963,41
246,0.1,300,l2,lbfgs,0.8593634156451708,0.043757152557373044,41
247,0.1,300,l2,newton-cg,0.8593634156451708,0.039615964889526366,41
248,0.1,300,elasticnet,liblinear,,0.0024235725402832033,541
249,0.1,300,elasticnet,saga,,0.0014986515045166016,541
250,0.1,300,elasticnet,lbfgs,,0.006562232971191406,541
251,0.1,300,elasticnet,newton-cg,,0.0018223762512207032,541
252,0.1,300,,liblinear,,0.0018290042877197265,541
253,0.1,300,,saga,0.8584401018534967,0.11045246124267578,91
254,0.1,300,,lbfgs,0.8584401018534967,0.03506302833557129,91
255,0.1,300,,newton-cg,0.8584401018534967,0.04241633415222168,91
256,0.1,250,l1,liblinear,0.8605952507846272,0.0387761116027832,31
257,0.1,250,l1,saga,0.8582862556996507,0.10976672172546387,441
258,0.1,250,l1,lbfgs,,0.0021318435668945313,541
259,0.1,250,l1,newton-cg,,0.0016781806945800782,541
260,0.1,250,l2,liblinear,0.8616721738615503,0.0207308292388916,21
261,0.1,250,l2,saga,0.8593634156451708,0.07425289154052735,41
262,0.1,250,l2,lbfgs,0.8593634156451708,0.023948240280151366,41
263,0.1,250,l2,newton-cg,0.8593634156451708,0.026422834396362303,41
264,0.1,250,elasticnet,liblinear,,0.0012259960174560546,541
265,0.1,250,elasticnet,saga,,0.0018157005310058595,541
266,0.1,250,elasticnet,lbfgs,,0.001891756057739258,541
267,0.1,250,elasticnet,newton-cg,,0.002498960494995117,541
268,0.1,250,,liblinear,,0.0022421360015869142,541
269,0.1,250,,saga,0.8584401018534967,0.09808449745178223,91
270,0.1,250,,lbfgs,0.8584401018534967,0.04086122512817383,91
271,0.1,250,,newton-cg,0.8584401018534967,0.07755479812622071,91
272,0.1,400,l1,liblinear,0.8605952507846272,0.038230085372924806,31
273,0.1,400,l1,saga,0.8582862556996507,0.09060554504394532,441
274,0.1,400,l1,lbfgs,,0.0020049095153808595,541
275,0.1,400,l1,newton-cg,,0.0015678882598876953,541
276,0.1,400,l2,liblinear,0.8616721738615503,0.024346113204956055,21
277,0.1,400,l2,saga,0.8593634156451708,0.07240800857543946,41
278,0.1,400,l2,lbfgs,0.8593634156451708,0.027414226531982423,41
279,0.1,400,l2,newton-cg,0.8593634156451708,0.026238250732421874,41
280,0.1,400,elasticnet,liblinear,,0.0015382766723632812,541
281,0.1,400,elasticnet,saga,,0.0010080814361572265,541
282,0.1,400,elasticnet,lbfgs,,0.0018280506134033202,541
283,0.1,400,elasticnet,newton-cg,,0.0017145156860351562,541
284,0.1,400,,liblinear,,0.001691579818725586,541
285,0.1,400,,saga,0.8584401018534967,0.08867802619934081,91
286,0.1,400,,lbfgs,0.8584401018534967,0.02693915367126465,91
287,0.1,400,,newton-cg,0.8584401018534967,0.043324613571166994,91
288,0.1,450,l1,liblinear,0.8605952507846272,0.049738502502441405,31
289,0.1,450,l1,saga,0.8582862556996507,0.1674262046813965,441
290,0.1,450,l1,lbfgs,,0.001209402084350586,541
291,0.1,450,l1,newton-cg,,0.004570674896240234,541
292,0.1,450,l2,liblinear,0.8616721738615503,0.01855006217956543,21
293,0.1,450,l2,saga,0.8593634156451708,0.08125977516174317,41
294,0.1,450,l2,lbfgs,0.8593634156451708,0.03220601081848144,41
295,0.1,450,l2,newton-cg,0.8593634156451708,0.0333193302154541,41
296,0.1,450,elasticnet,liblinear,,0.00218963623046875,541
297,0.1,450,elasticnet,saga,,0.0020284175872802733,541
298,0.1,450,elasticnet,lbfgs,,0.001572895050048828,541
299,0.1,450,elasticnet,newton-cg,,0.001619243621826172,541
300,0.1,450,,liblinear,,0.00259251594543457,541
301,0.1,450,,saga,0.8584401018534967,0.08907647132873535,91
302,0.1,450,,lbfgs,0.8584401018534967,0.030289411544799805,91
303,0.1,450,,newton-cg,0.8584401018534967,0.04052824974060058,91
304,0.1,500,l1,liblinear,0.8605952507846272,0.07189998626708985,31
305,0.1,500,l1,saga,0.8582862556996507,0.12897310256958008,441
306,0.1,500,l1,lbfgs,,0.0021749019622802736,541
307,0.1,500,l1,newton-cg,,0.0017526626586914062,541
308,0.1,500,l2,liblinear,0.8616721738615503,0.019274377822875978,21
309,0.1,500,l2,saga,0.8593634156451708,0.07976360321044922,41
310,0.1,500,l2,lbfgs,0.8593634156451708,0.05474157333374023,41
311,0.1,500,l2,newton-cg,0.8593634156451708,0.0359044075012207,41
312,0.1,500,elasticnet,liblinear,,0.001116037368774414,541
313,0.1,500,elasticnet,saga,,0.0024293899536132813,541
314,0.1,500,elasticnet,lbfgs,,0.002021169662475586,541
315,0.1,500,elasticnet,newton-cg,,0.0017002105712890625,541
316,0.1,500,,liblinear,,0.002419281005859375,541
317,0.1,500,,saga,0.8584401018534967,0.12434124946594238,91
318,0.1,500,,lbfgs,0.8584401018534967,0.0399385929107666,91
319,0.1,500,,newton-cg,0.8584401018534967,0.04185595512390137,91
320,0.5,50,l1,liblinear,0.8582862556996507,0.04002857208251953,441
321,0.5,50,l1,saga,0.8584401018534967,0.09445991516113281,91
322,0.5,50,l1,lbfgs,,0.001851511001586914,541
323,0.5,50,l1,newton-cg,,0.003135824203491211,541
324,0.5,50,l2,liblinear,0.8589017587493337,0.02990436553955078,71
325,0.5,50,l2,saga,0.8582862556996507,0.10321683883666992,441
326,0.5,50,l2,lbfgs,0.8582862556996507,0.028842782974243163,441
327,0.5,50,l2,newton-cg,0.8582862556996507,0.0337315559387207,441
328,0.5,50,elasticnet,liblinear,,0.000812530517578125,541
329,0.5,50,elasticnet,saga,,0.002586841583251953,541
330,0.5,50,elasticnet,lbfgs,,0.0016091823577880859,541
331,0.5,50,elasticnet,newton-cg,,0.0028194427490234376,541
332,0.5,50,,liblinear,,0.0016791820526123047,541
333,0.5,50,,saga,0.8584401018534967,0.08761782646179199,91
334,0.5,50,,lbfgs,0.8584401018534967,0.029796123504638672,91
335,0.5,50,,newton-cg,0.8584401018534967,0.034224081039428714,91
336,0.5,100,l1,liblinear,0.8582862556996507,0.039145278930664065,441
337,0.5,100,l1,saga,0.8584401018534967,0.09768209457397461,91
338,0.5,100,l1,lbfgs,,0.002023458480834961,541
339,0.5,100,l1,newton-cg,,0.001567840576171875,541
340,0.5,100,l2,liblinear,0.8589017587493337,0.03319945335388184,71
341,0.5,100,l2,saga,0.8582862556996507,0.11084342002868652,441
342,0.5,100,l2,lbfgs,0.8582862556996507,0.027395248413085938,441
343,0.5,100,l2,newton-cg,0.8582862556996507,0.03188247680664062,441
344,0.5,100,elasticnet,liblinear,,0.0019598960876464843,541
345,0.5,100,elasticnet,saga,,0.0021943569183349608,541
346,0.5,100,elasticnet,lbfgs,,0.004058837890625,541
347,0.5,100,elasticnet,newton-cg,,0.0017104625701904296,541
348,0.5,100,,liblinear,,0.0033522129058837892,541
349,0.5,100,,saga,0.8584401018534967,0.10744304656982422,91
350,0.5,100,,lbfgs,0.8584401018534967,0.0374330997467041,91
351,0.5,100,,newton-cg,0.8584401018534967,0.04749798774719238,91
352,0.5,150,l1,liblinear,0.8582862556996507,0.04398665428161621,441
353,0.5,150,l1,saga,0.8584401018534967,0.09734969139099121,91
354,0.5,150,l1,lbfgs,,0.002245521545410156,541
355,0.5,150,l1,newton-cg,,0.0012329578399658202,541
356,0.5,150,l2,liblinear,0.8589017587493337,0.025060653686523438,71
357,0.5,150,l2,saga,0.8582862556996507,0.11663398742675782,441
358,0.5,150,l2,lbfgs,0.8582862556996507,0.03496417999267578,441
359,0.5,150,l2,newton-cg,0.8582862556996507,0.03246574401855469,441
360,0.5,150,elasticnet,liblinear,,0.0016697883605957032,541
361,0.5,150,elasticnet,saga,,0.0018659114837646484,541
362,0.5,150,elasticnet,lbfgs,,0.0016721725463867188,541
363,0.5,150,elasticnet,newton-cg,,0.006471443176269531,541
364,0.5,150,,liblinear,,0.001587820053100586,541
365,0.5,150,,saga,0.8584401018534967,0.07898201942443847,91
366,0.5,150,,lbfgs,0.8584401018534967,0.03256897926330567,91
367,0.5,150,,newton-cg,0.8584401018534967,0.040093851089477536,91
368,0.5,200,l1,liblinear,0.8582862556996507,0.04016242027282715,441
369,0.5,200,l1,saga,0.8584401018534967,0.09605002403259277,91
370,0.5,200,l1,lbfgs,,0.002516365051269531,541
371,0.5,200,l1,newton-cg,,0.001643800735473633,541
372,0.5,200,l2,liblinear,0.8589017587493337,0.021824359893798828,71
373,0.5,200,l2,saga,0.8582862556996507,0.09150500297546386,441
374,0.5,200,l2,lbfgs,0.8582862556996507,0.02907571792602539,441
375,0.5,200,l2,newton-cg,0.8582862556996507,0.038700008392333986,441
376,0.5,200,elasticnet,liblinear,,0.0013252735137939454,541
377,0.5,200,elasticnet,saga,,0.0018605709075927735,541
378,0.5,200,elasticnet,lbfgs,,0.0022930622100830076,541
379,0.5,200,elasticnet,newton-cg,,0.0009850502014160157,541
380,0.5,200,,liblinear,,0.0012884140014648438,541
381,0.5,200,,saga,0.8584401018534967,0.0992253303527832,91
382,0.5,200,,lbfgs,0.8584401018534967,0.024422407150268555,91
383,0.5,200,,newton-cg,0.8584401018534967,0.029671192169189453,91
384,0.5,250,l1,liblinear,0.8582862556996507,0.04774494171142578,441
385,0.5,250,l1,saga,0.8584401018534967,0.08461194038391114,91
386,0.5,250,l1,lbfgs,,0.001865243911743164,541
387,0.5,250,l1,newton-cg,,0.0017004013061523438,541
388,0.5,250,l2,liblinear,0.8589017587493337,0.033447790145874026,71
389,0.5,250,l2,saga,0.8582862556996507,0.08784399032592774,441
390,0.5,250,l2,lbfgs,0.8582862556996507,0.030324125289916994,441
391,0.5,250,l2,newton-cg,0.8582862556996507,0.04105954170227051,441
392,0.5,250,elasticnet,liblinear,,0.0020174503326416014,541
393,0.5,250,elasticnet,saga,,0.004364204406738281,541
394,0.5,250,elasticnet,lbfgs,,0.001122283935546875,541
395,0.5,250,elasticnet,newton-cg,,0.0020953655242919923,541
396,0.5,250,,liblinear,,0.0014229774475097655,541
397,0.5,250,,saga,0.8584401018534967,0.0770456314086914,91
398,0.5,250,,lbfgs,0.8584401018534967,0.02595548629760742,91
399,0.5,250,,newton-cg,0.8584401018534967,0.03267712593078613,91
400,0.5,300,l1,liblinear,0.8582862556996507,0.04446864128112793,441
401,0.5,300,l1,saga,0.8584401018534967,0.1195096492767334,91
402,0.5,300,l1,lbfgs,,0.00504598617553711,541
403,0.5,300,l1,newton-cg,,0.0015812397003173828,541
404,0.5,300,l2,liblinear,0.8589017587493337,0.02339010238647461,71
405,0.5,300,l2,saga,0.8582862556996507,0.07166504859924316,441
406,0.5,300,l2,lbfgs,0.8582862556996507,0.027728843688964843,441
407,0.5,300,l2,newton-cg,0.8582862556996507,0.031446409225463864,441
408,0.5,300,elasticnet,liblinear,,0.002080869674682617,541
409,0.5,300,elasticnet,saga,,0.0013303756713867188,541
410,0.5,300,elasticnet,lbfgs,,0.0023077964782714845,541
411,0.5,300,elasticnet,newton-cg,,0.0023388385772705076,541
412,0.5,300,,liblinear,,0.002299213409423828,541
413,0.5,300,,saga,0.8584401018534967,0.10412311553955078,91
414,0.5,300,,lbfgs,0.8584401018534967,0.0337214469909668,91
415,0.5,300,,newton-cg,0.8584401018534967,0.05123801231384277,91
416,0.5,250,l1,liblinear,0.8582862556996507,0.037374448776245114,441
417,0.5,250,l1,saga,0.8584401018534967,0.09201765060424805,91
418,0.5,250,l1,lbfgs,,0.0005305290222167968,541
419,0.5,250,l1,newton-cg,,0.0031577587127685548,541
420,0.5,250,l2,liblinear,0.8589017587493337,0.024658584594726564,71
421,0.5,250,l2,saga,0.8582862556996507,0.09803781509399415,441
422,0.5,250,l2,lbfgs,0.8582862556996507,0.029743242263793945,441
423,0.5,250,l2,newton-cg,0.8582862556996507,0.030551862716674805,441
424,0.5,250,elasticnet,liblinear,,0.0012076854705810546,541
425,0.5,250,elasticnet,saga,,0.0022900581359863283,541
426,0.5,250,elasticnet,lbfgs,,0.0009110450744628906,541
427,0.5,250,elasticnet,newton-cg,,0.0014847755432128907,541
428,0.5,250,,liblinear,,0.0020313262939453125,541
429,0.5,250,,saga,0.8584401018534967,0.09419445991516114,91
430,0.5,250,,lbfgs,0.8584401018534967,0.02638235092163086,91
431,0.5,250,,newton-cg,0.8584401018534967,0.03330521583557129,91
432,0.5,400,l1,liblinear,0.8582862556996507,0.0428929328918457,441
433,0.5,400,l1,saga,0.8584401018534967,0.11228604316711426,91
434,0.5,400,l1,lbfgs,,0.0011072635650634765,541
435,0.5,400,l1,newton-cg,,0.0021734714508056642,541
436,0.5,400,l2,liblinear,0.8589017587493337,0.019230747222900392,71
437,0.5,400,l2,saga,0.8582862556996507,0.07381329536437989,441
438,0.5,400,l2,lbfgs,0.8582862556996507,0.027890491485595702,441
439,0.5,400,l2,newton-cg,0.8582862556996507,0.030892133712768555,441
440,0.5,400,elasticnet,liblinear,,0.0012964725494384766,541
441,0.5,400,elasticnet,saga,,0.0017240047454833984,541
442,0.5,400,elasticnet,lbfgs,,0.0016077041625976562,541
443,0.5,400,elasticnet,newton-cg,,0.0012619495391845703,541
444,0.5,400,,liblinear,,0.0018486976623535156,541
445,0.5,400,,saga,0.8584401018534967,0.10194544792175293,91
446,0.5,400,,lbfgs,0.8584401018534967,0.036402225494384766,91
447,0.5,400,,newton-cg,0.8584401018534967,0.03549671173095703,91
448,0.5,450,l1,liblinear,0.8582862556996507,0.03853883743286133,441
449,0.5,450,l1,saga,0.8584401018534967,0.08734140396118165,91
450,0.5,450,l1,lbfgs,,0.0007589340209960937,541
451,0.5,450,l1,newton-cg,,0.001935863494873047,541
452,0.5,450,l2,liblinear,0.8589017587493337,0.020909976959228516,71
453,0.5,450,l2,saga,0.8582862556996507,0.0781548023223877,441
454,0.5,450,l2,lbfgs,0.8582862556996507,0.03127961158752442,441
455,0.5,450,l2,newton-cg,0.8582862556996507,0.037264680862426756,441
456,0.5,450,elasticnet,liblinear,,0.0021790981292724608,541
457,0.5,450,elasticnet,saga,,0.002096223831176758,541
458,0.5,450,elasticnet,lbfgs,,0.002106475830078125,541
459,0.5,450,elasticnet,newton-cg,,0.0009400367736816407,541
460,0.5,450,,liblinear,,0.0024277210235595704,541
461,0.5,450,,saga,0.8584401018534967,0.07348489761352539,91
462,0.5,450,,lbfgs,0.8584401018534967,0.026410579681396484,91
463,0.5,450,,newton-cg,0.8584401018534967,0.03144216537475586,91
464,0.5,500,l1,liblinear,0.8582862556996507,0.04682626724243164,441
465,0.5,500,l1,saga,0.8584401018534967,0.11023058891296386,91
466,0.5,500,l1,lbfgs,,0.0028352260589599608,541
467,0.5,500,l1,newton-cg,,0.0021346569061279296,541
468,0.5,500,l2,liblinear,0.8589017587493337,0.017679119110107423,71
469,0.5,500,l2,saga,0.8582862556996507,0.07689375877380371,441
470,0.5,500,l2,lbfgs,0.8582862556996507,0.02709660530090332,441
471,0.5,500,l2,newton-cg,0.8582862556996507,0.04028806686401367,441
472,0.5,500,elasticnet,liblinear,,0.0058440685272216795,541
473,0.5,500,elasticnet,saga,,0.0016686439514160157,541
474,0.5,500,elasticnet,lbfgs,,0.0016849994659423827,541
475,0.5,500,elasticnet,newton-cg,,0.003829479217529297,541
476,0.5,500,,liblinear,,0.0017364501953125,541
477,0.5,500,,saga,0.8584401018534967,0.08620228767395019,91
478,0.5,500,,lbfgs,0.8584401018534967,0.023473501205444336,91
479,0.5,500,,newton-cg,0.8584401018534967,0.0328730583190918,91
480,1.0,50,l1,liblinear,0.8582862556996507,0.043326807022094724,441
481,1.0,50,l1,saga,0.8584401018534967,0.08560004234313964,91
482,1.0,50,l1,lbfgs,,0.0010571479797363281,541
483,1.0,50,l1,newton-cg,,0.0011343955993652344,541
484,1.0,50,l2,liblinear,0.8584402202877953,0.022356271743774414,81
485,1.0,50,l2,saga,0.8584401018534967,0.07397279739379883,91
486,1.0,50,l2,lbfgs,0.8584401018534967,0.031620121002197264,91
487,1.0,50,l2,newton-cg,0.8584401018534967,0.04078803062438965,91
488,1.0,50,elasticnet,liblinear,,0.0012989521026611328,541
489,1.0,50,elasticnet,saga,,0.0020528316497802736,541
490,1.0,50,elasticnet,lbfgs,,0.0018532276153564453,541
491,1.0,50,elasticnet,newton-cg,,0.0017423152923583985,541
492,1.0,50,,liblinear,,0.001329517364501953,541
493,1.0,50,,saga,0.8584401018534967,0.09184746742248535,91
494,1.0,50,,lbfgs,0.8584401018534967,0.030754470825195314,91
495,1.0,50,,newton-cg,0.8584401018534967,0.04916868209838867,91
496,1.0,100,l1,liblinear,0.8582862556996507,0.045454216003417966,441
497,1.0,100,l1,saga,0.8584401018534967,0.11358752250671386,91
498,1.0,100,l1,lbfgs,,0.002168750762939453,541
499,1.0,100,l1,newton-cg,,0.0016296863555908202,541
500,1.0,100,l2,liblinear,0.8584402202877953,0.018657159805297852,81
501,1.0,100,l2,saga,0.8584401018534967,0.07832851409912109,91
502,1.0,100,l2,lbfgs,0.8584401018534967,0.026105546951293947,91
503,1.0,100,l2,newton-cg,0.8584401018534967,0.04126429557800293,91
504,1.0,100,elasticnet,liblinear,,0.0029117584228515623,541
505,1.0,100,elasticnet,saga,,0.004265403747558594,541
506,1.0,100,elasticnet,lbfgs,,0.0021368026733398437,541
507,1.0,100,elasticnet,newton-cg,,0.001607227325439453,541
508,1.0,100,,liblinear,,0.0013815879821777344,541
509,1.0,100,,saga,0.8584401018534967,0.07591257095336915,91
510,1.0,100,,lbfgs,0.8584401018534967,0.025642967224121092,91
511,1.0,100,,newton-cg,0.8584401018534967,0.03363323211669922,91
512,1.0,150,l1,liblinear,0.8582862556996507,0.04166817665100098,441
513,1.0,150,l1,saga,0.8584401018534967,0.13213939666748048,91
514,1.0,150,l1,lbfgs,,0.0017045497894287109,541
515,1.0,150,l1,newton-cg,,0.0012164115905761719,541
516,1.0,150,l2,liblinear,0.8584402202877953,0.018170261383056642,81
517,1.0,150,l2,saga,0.8584401018534967,0.08206005096435547,91
518,1.0,150,l2,lbfgs,0.8584401018534967,0.026112461090087892,91
519,1.0,150,l2,newton-cg,0.8584401018534967,0.03396296501159668,91
520,1.0,150,elasticnet,liblinear,,0.0016089916229248048,541
521,1.0,150,elasticnet,saga,,0.0017246723175048829,541
522,1.0,150,elasticnet,lbfgs,,0.0018516063690185546,541
523,1.0,150,elasticnet,newton-cg,,0.002115821838378906,541
524,1.0,150,,liblinear,,0.0017661571502685547,541
525,1.0,150,,saga,0.8584401018534967,0.07921652793884278,91
526,1.0,150,,lbfgs,0.8584401018534967,0.02488265037536621,91
527,1.0,150,,newton-cg,0.8584401018534967,0.033331871032714844,91
528,1.0,200,l1,liblinear,0.8582862556996507,0.0519320011138916,441
529,1.0,200,l1,saga,0.8584401018534967,0.13460946083068848,91
530,1.0,200,l1,lbfgs,,0.0034550189971923827,541
531,1.0,200,l1,newton-cg,,0.0022278308868408205,541
532,1.0,200,l2,liblinear,0.8584402202877953,0.01971607208251953,81
533,1.0,200,l2,saga,0.8584401018534967,0.07533988952636719,91
534,1.0,200,l2,lbfgs,0.8584401018534967,0.0323148250579834,91
535,1.0,200,l2,newton-cg,0.8584401018534967,0.040342521667480466,91
536,1.0,200,elasticnet,liblinear,,0.001744699478149414,541
537,1.0,200,elasticnet,saga,,0.0021779537200927734,541
538,1.0,200,elasticnet,lbfgs,,0.001958465576171875,541
539,1.0,200,elasticnet,newton-cg,,0.0017225265502929688,541
540,1.0,200,,liblinear,,0.001662445068359375,541
541,1.0,200,,saga,0.8584401018534967,0.0980341911315918,91
542,1.0,200,,lbfgs,0.8584401018534967,0.054487180709838864,91
543,1.0,200,,newton-cg,0.8584401018534967,0.0313115119934082,91
544,1.0,250,l1,liblinear,0.8582862556996507,0.03860015869140625,441
545,1.0,250,l1,saga,0.8584401018534967,0.09895720481872558,91
546,1.0,250,l1,lbfgs,,0.0019577980041503907,541
547,1.0,250,l1,newton-cg,,0.00125885009765625,541
548,1.0,250,l2,liblinear,0.8584402202877953,0.0176027774810791,81
549,1.0,250,l2,saga,0.8584401018534967,0.0902069091796875,91
550,1.0,250,l2,lbfgs,0.8584401018534967,0.02749152183532715,91
551,1.0,250,l2,newton-cg,0.8584401018534967,0.06739339828491211,91
552,1.0,250,elasticnet,liblinear,,0.002153778076171875,541
553,1.0,250,elasticnet,saga,,0.002191925048828125,541
554,1.0,250,elasticnet,lbfgs,,0.00141448974609375,541
555,1.0,250,elasticnet,newton-cg,,0.0010589599609375,541
556,1.0,250,,liblinear,,0.003568744659423828,541
557,1.0,250,,saga,0.8584401018534967,0.08371434211730958,91
558,1.0,250,,lbfgs,0.8584401018534967,0.029562902450561524,91
559,1.0,250,,newton-cg,0.8584401018534967,0.037911510467529295,91
560,1.0,300,l1,liblinear,0.8582862556996507,0.06423335075378418,441
561,1.0,300,l1,saga,0.8584401018534967,0.11873021125793456,91
562,1.0,300,l1,lbfgs,,0.0025940895080566405,541
563,1.0,300,l1,newton-cg,,0.001407957077026367,541
564,1.0,300,l2,liblinear,0.8584402202877953,0.029251289367675782,81
565,1.0,300,l2,saga,0.8584401018534967,0.07486910820007324,91
566,1.0,300,l2,lbfgs,0.8584401018534967,0.027613449096679687,91
567,1.0,300,l2,newton-cg,0.8584401018534967,0.03774728775024414,91
568,1.0,300,elasticnet,liblinear,,0.0019296169281005859,541
569,1.0,300,elasticnet,saga,,0.002651691436767578,541
570,1.0,300,elasticnet,lbfgs,,0.00211482048034668,541
571,1.0,300,elasticnet,newton-cg,,0.001383352279663086,541
572,1.0,300,,liblinear,,0.001110410690307617,541
573,1.0,300,,saga,0.8584401018534967,0.09949989318847656,91
574,1.0,300,,lbfgs,0.8584401018534967,0.04359250068664551,91
575,1.0,300,,newton-cg,0.8584401018534967,0.043024444580078126,91
576,1.0,250,l1,liblinear,0.8582862556996507,0.044223356246948245,441
577,1.0,250,l1,saga,0.8584401018534967,0.12253460884094239,91
578,1.0,250,l1,lbfgs,,0.0022176265716552734,541
579,1.0,250,l1,newton-cg,,0.003974246978759766,541
580,1.0,250,l2,liblinear,0.8584402202877953,0.019838380813598632,81
581,1.0,250,l2,saga,0.8584401018534967,0.07841253280639648,91
582,1.0,250,l2,lbfgs,0.8584401018534967,0.026209449768066405,91
583,1.0,250,l2,newton-cg,0.8584401018534967,0.036356353759765626,91
584,1.0,250,elasticnet,liblinear,,0.001705026626586914,541
585,1.0,250,elasticnet,saga,,0.001245403289794922,541
586,1.0,250,elasticnet,lbfgs,,0.002117776870727539,541
587,1.0,250,elasticnet,newton-cg,,0.0006043910980224609,541
588,1.0,250,,liblinear,,0.0034036159515380858,541
589,1.0,250,,saga,0.8584401018534967,0.11114892959594727,91
590,1.0,250,,lbfgs,0.8584401018534967,0.044548988342285156,91
591,1.0,250,,newton-cg,0.8584401018534967,0.05851092338562012,91
592,1.0,400,l1,liblinear,0.8582862556996507,0.03718581199645996,441
593,1.0,400,l1,saga,0.8584401018534967,0.09154253005981446,91
594,1.0,400,l1,lbfgs,,0.0014605998992919921,541
595,1.0,400,l1,newton-cg,,0.000804901123046875,541
596,1.0,400,l2,liblinear,0.8584402202877953,0.019483518600463868,81
597,1.0,400,l2,saga,0.8584401018534967,0.0747755527496338,91
598,1.0,400,l2,lbfgs,0.8584401018534967,0.026615285873413087,91
599,1.0,400,l2,newton-cg,0.8584401018534967,0.032951736450195314,91
600,1.0,400,elasticnet,liblinear,,0.001964902877807617,541
601,1.0,400,elasticnet,saga,,0.0015633106231689453,541
602,1.0,400,elasticnet,lbfgs,,0.005182838439941407,541
603,1.0,400,elasticnet,newton-cg,,0.0017618656158447266,541
604,1.0,400,,liblinear,,0.00847330093383789,541
605,1.0,400,,saga,0.8584401018534967,0.08218522071838379,91
606,1.0,400,,lbfgs,0.8584401018534967,0.026015472412109376,91
607,1.0,400,,newton-cg,0.8584401018534967,0.030790948867797853,91
608,1.0,450,l1,liblinear,0.8582862556996507,0.05277385711669922,441
609,1.0,450,l1,saga,0.8584401018534967,0.09763154983520508,91
610,1.0,450,l1,lbfgs,,0.0017802715301513672,541
611,1.0,450,l1,newton-cg,,0.0015800952911376952,541
612,1.0,450,l2,liblinear,0.8584402202877953,0.021418428421020506,81
613,1.0,450,l2,saga,0.8584401018534967,0.08119277954101563,91
614,1.0,450,l2,lbfgs,0.8584401018534967,0.03130760192871094,91
615,1.0,450,l2,newton-cg,0.8584401018534967,0.04931726455688477,91
616,1.0,450,elasticnet,liblinear,,0.00157623291015625,541
617,1.0,450,elasticnet,saga,,0.001841259002685547,541
618,1.0,450,elasticnet,lbfgs,,0.0014184951782226563,541
619,1.0,450,elasticnet,newton-cg,,0.0032883644104003905,541
620,1.0,450,,liblinear,,0.002089262008666992,541
621,1.0,450,,saga,0.8584401018534967,0.08755636215209961,91
622,1.0,450,,lbfgs,0.8584401018534967,0.027549123764038085,91
623,1.0,450,,newton-cg,0.8584401018534967,0.032189464569091795,91
624,1.0,500,l1,liblinear,0.8582862556996507,0.05652475357055664,441
625,1.0,500,l1,saga,0.8584401018534967,0.16565914154052735,91
626,1.0,500,l1,lbfgs,,0.0015668392181396485,541
627,1.0,500,l1,newton-cg,,0.002541923522949219,541
628,1.0,500,l2,liblinear,0.8584402202877953,0.031481361389160155,81
629,1.0,500,l2,saga,0.8584401018534967,0.09446759223937988,91
630,1.0,500,l2,lbfgs,0.8584401018534967,0.04299249649047852,91
631,1.0,500,l2,newton-cg,0.8584401018534967,0.05013880729675293,91
632,1.0,500,elasticnet,liblinear,,0.0013891220092773437,541
633,1.0,500,elasticnet,saga,,0.0023090362548828123,541
634,1.0,500,elasticnet,lbfgs,,0.002181386947631836,541
635,1.0,500,elasticnet,newton-cg,,0.009371614456176758,541
636,1.0,500,,liblinear,,0.0017390251159667969,541
637,1.0,500,,saga,0.8584401018534967,0.0810859203338623,91
638,1.0,500,,lbfgs,0.8584401018534967,0.02733449935913086,91
639,1.0,500,,newton-cg,0.8584401018534967,0.03476142883300781,91
640,10.0,50,l1,liblinear,0.8584401018534967,0.0400054931640625,91
641,10.0,50,l1,saga,0.8584401018534967,0.10431432723999023,91
642,10.0,50,l1,lbfgs,,0.0012565135955810546,541
643,10.0,50,l1,newton-cg,,0.0017804145812988282,541
644,10.0,50,l2,liblinear,0.8584401018534967,0.036423683166503906,91
645,10.0,50,l2,saga,0.8584401018534967,0.1258638858795166,91
646,10.0,50,l2,lbfgs,0.8584401018534967,0.04714946746826172,91
647,10.0,50,l2,newton-cg,0.8584401018534967,0.05613999366760254,91
648,10.0,50,elasticnet,liblinear,,0.0023383617401123045,541
649,10.0,50,elasticnet,saga,,0.0018402576446533204,541
650,10.0,50,elasticnet,lbfgs,,0.0012210845947265626,541
651,10.0,50,elasticnet,newton-cg,,0.0012214183807373047,541
652,10.0,50,,liblinear,,0.001476621627807617,541
653,10.0,50,,saga,0.8584401018534967,0.08668770790100097,91
654,10.0,50,,lbfgs,0.8584401018534967,0.02764263153076172,91
655,10.0,50,,newton-cg,0.8584401018534967,0.04599404335021973,91
656,10.0,100,l1,liblinear,0.8584401018534967,0.04283628463745117,91
657,10.0,100,l1,saga,0.8584401018534967,0.17297492027282715,91
658,10.0,100,l1,lbfgs,,0.0016707897186279297,541
659,10.0,100,l1,newton-cg,,0.0011700630187988282,541
660,10.0,100,l2,liblinear,0.8584401018534967,0.020171403884887695,91
661,10.0,100,l2,saga,0.8584401018534967,0.08468451499938964,91
662,10.0,100,l2,lbfgs,0.8584401018534967,0.046867895126342776,91
663,10.0,100,l2,newton-cg,0.8584401018534967,0.059699296951293945,91
664,10.0,100,elasticnet,liblinear,,0.001165485382080078,541
665,10.0,100,elasticnet,saga,,0.0016709327697753905,541
666,10.0,100,elasticnet,lbfgs,,0.0021673202514648437,541
667,10.0,100,elasticnet,newton-cg,,0.006486320495605468,541
668,10.0,100,,liblinear,,0.0018257617950439454,541
669,10.0,100,,saga,0.8584401018534967,0.10245652198791504,91
670,10.0,100,,lbfgs,0.8584401018534967,0.033281993865966794,91
671,10.0,100,,newton-cg,0.8584401018534967,0.07737407684326172,91
672,10.0,150,l1,liblinear,0.8584401018534967,0.04283342361450195,91
673,10.0,150,l1,saga,0.8584401018534967,0.12286906242370606,91
674,10.0,150,l1,lbfgs,,0.0023477554321289064,541
675,10.0,150,l1,newton-cg,,0.002472400665283203,541
676,10.0,150,l2,liblinear,0.8584401018534967,0.03033924102783203,91
677,10.0,150,l2,saga,0.8584401018534967,0.14238862991333007,91
678,10.0,150,l2,lbfgs,0.8584401018534967,0.04758644104003906,91
679,10.0,150,l2,newton-cg,0.8584401018534967,0.05063352584838867,91
680,10.0,150,elasticnet,liblinear,,0.0017795562744140625,541
681,10.0,150,elasticnet,saga,,0.002008342742919922,541
682,10.0,150,elasticnet,lbfgs,,0.0019007205963134765,541
683,10.0,150,elasticnet,newton-cg,,0.001608419418334961,541
684,10.0,150,,liblinear,,0.002119302749633789,541
685,10.0,150,,saga,0.8584401018534967,0.17853126525878907,91
686,10.0,150,,lbfgs,0.8584401018534967,0.02762312889099121,91
687,10.0,150,,newton-cg,0.8584401018534967,0.030344772338867187,91
688,10.0,200,l1,liblinear,0.8584401018534967,0.06618366241455079,91
689,10.0,200,l1,saga,0.8584401018534967,0.13386287689208984,91
690,10.0,200,l1,lbfgs,,0.001327657699584961,541
691,10.0,200,l1,newton-cg,,0.002528095245361328,541
692,10.0,200,l2,liblinear,0.8584401018534967,0.027194404602050783,91
693,10.0,200,l2,saga,0.8584401018534967,0.0898972511291504,91
694,10.0,200,l2,lbfgs,0.8584401018534967,0.03054523468017578,91
695,10.0,200,l2,newton-cg,0.8584401018534967,0.0412750244140625,91
696,10.0,200,elasticnet,liblinear,,0.0014685630798339845,541
697,10.0,200,elasticnet,saga,,0.009091615676879883,541
698,10.0,200,elasticnet,lbfgs,,0.0019563674926757813,541
699,10.0,200,elasticnet,newton-cg,,0.008530807495117188,541
700,10.0,200,,liblinear,,0.002872180938720703,541
701,10.0,200,,saga,0.8584401018534967,0.10749335289001465,91
702,10.0,200,,lbfgs,0.8584401018534967,0.025415706634521484,91
703,10.0,200,,newton-cg,0.8584401018534967,0.035963249206542966,91
704,10.0,250,l1,liblinear,0.8584401018534967,0.0903017520904541,91
705,10.0,250,l1,saga,0.8584401018534967,0.14091796875,91
706,10.0,250,l1,lbfgs,,0.0020517349243164063,541
707,10.0,250,l1,newton-cg,,0.0027179718017578125,541
708,10.0,250,l2,liblinear,0.8584401018534967,0.05001487731933594,91
709,10.0,250,l2,saga,0.8584401018534967,0.11928491592407227,91
710,10.0,250,l2,lbfgs,0.8584401018534967,0.0656515121459961,91
711,10.0,250,l2,newton-cg,0.8584401018534967,0.04175724983215332,91
712,10.0,250,elasticnet,liblinear,,0.0017706394195556641,541
713,10.0,250,elasticnet,saga,,0.0028789997100830077,541
714,10.0,250,elasticnet,lbfgs,,0.0016256332397460937,541
715,10.0,250,elasticnet,newton-cg,,0.0012290477752685547,541
716,10.0,250,,liblinear,,0.0017679691314697265,541
717,10.0,250,,saga,0.8584401018534967,0.13142132759094238,91
718,10.0,250,,lbfgs,0.8584401018534967,0.030393028259277345,91
719,10.0,250,,newton-cg,0.8584401018534967,0.041494226455688475,91
720,10.0,300,l1,liblinear,0.8584401018534967,0.03733839988708496,91
721,10.0,300,l1,saga,0.8584401018534967,0.10091114044189453,91
722,10.0,300,l1,lbfgs,,0.001087045669555664,541
723,10.0,300,l1,newton-cg,,0.0010573387145996094,541
724,10.0,300,l2,liblinear,0.8584401018534967,0.018611860275268555,91
725,10.0,300,l2,saga,0.8584401018534967,0.08438143730163575,91
726,10.0,300,l2,lbfgs,0.8584401018534967,0.028126859664916994,91
727,10.0,300,l2,newton-cg,0.8584401018534967,0.041515445709228514,91
728,10.0,300,elasticnet,liblinear,,0.0020153045654296873,541
729,10.0,300,elasticnet,saga,,0.002288198471069336,541
730,10.0,300,elasticnet,lbfgs,,0.004359579086303711,541
731,10.0,300,elasticnet,newton-cg,,0.0029740333557128906,541
732,10.0,300,,liblinear,,0.0026006698608398438,541
733,10.0,300,,saga,0.8584401018534967,0.1032719612121582,91
734,10.0,300,,lbfgs,0.8584401018534967,0.038148355484008786,91
735,10.0,300,,newton-cg,0.8584401018534967,0.04330224990844726,91
736,10.0,250,l1,liblinear,0.8584401018534967,0.04163670539855957,91
737,10.0,250,l1,saga,0.8584401018534967,0.10086660385131836,91
738,10.0,250,l1,lbfgs,,0.000981903076171875,541
739,10.0,250,l1,newton-cg,,0.0034349918365478515,541
740,10.0,250,l2,liblinear,0.8584401018534967,0.019683074951171876,91
741,10.0,250,l2,saga,0.8584401018534967,0.09011764526367187,91
742,10.0,250,l2,lbfgs,0.8584401018534967,0.025673627853393555,91
743,10.0,250,l2,newton-cg,0.8584401018534967,0.0318082332611084,91
744,10.0,250,elasticnet,liblinear,,0.001635265350341797,541
745,10.0,250,elasticnet,saga,,0.0014158248901367187,541
746,10.0,250,elasticnet,lbfgs,,0.0020601749420166016,541
747,10.0,250,elasticnet,newton-cg,,0.0011754035949707031,541
748,10.0,250,,liblinear,,0.001495218276977539,541
749,10.0,250,,saga,0.8584401018534967,0.1002431869506836,91
750,10.0,250,,lbfgs,0.8584401018534967,0.03260879516601563,91
751,10.0,250,,newton-cg,0.8584401018534967,0.04107813835144043,91
752,10.0,400,l1,liblinear,0.8584401018534967,0.04998326301574707,91
753,10.0,400,l1,saga,0.8584401018534967,0.09965505599975585,91
754,10.0,400,l1,lbfgs,,0.001460695266723633,541
755,10.0,400,l1,newton-cg,,0.001768636703491211,541
756,10.0,400,l2,liblinear,0.8584401018534967,0.025664615631103515,91
757,10.0,400,l2,saga,0.8584401018534967,0.11409850120544433,91
758,10.0,400,l2,lbfgs,0.8584401018534967,0.03202896118164063,91
759,10.0,400,l2,newton-cg,0.8584401018534967,0.043587779998779295,91
760,10.0,400,elasticnet,liblinear,,0.0014014244079589844,541
761,10.0,400,elasticnet,saga,,0.002579212188720703,541
762,10.0,400,elasticnet,lbfgs,,0.0014077186584472655,541
763,10.0,400,elasticnet,newton-cg,,0.0027627944946289062,541
764,10.0,400,,liblinear,,0.001574563980102539,541
765,10.0,400,,saga,0.8584401018534967,0.08552846908569336,91
766,10.0,400,,lbfgs,0.8584401018534967,0.025560998916625978,91
767,10.0,400,,newton-cg,0.8584401018534967,0.03318343162536621,91
768,10.0,450,l1,liblinear,0.8584401018534967,0.03880729675292969,91
769,10.0,450,l1,saga,0.8584401018534967,0.10143494606018066,91
770,10.0,450,l1,lbfgs,,0.0013800621032714843,541
771,10.0,450,l1,newton-cg,,0.0020735740661621095,541
772,10.0,450,l2,liblinear,0.8584401018534967,0.020060348510742187,91
773,10.0,450,l2,saga,0.8584401018534967,0.08067350387573242,91
774,10.0,450,l2,lbfgs,0.8584401018534967,0.030587387084960938,91
775,10.0,450,l2,newton-cg,0.8584401018534967,0.04073314666748047,91
776,10.0,450,elasticnet,liblinear,,0.001238536834716797,541
777,10.0,450,elasticnet,saga,,0.0016130924224853516,541
778,10.0,450,elasticnet,lbfgs,,0.0020362377166748048,541
779,10.0,450,elasticnet,newton-cg,,0.002938652038574219,541
780,10.0,450,,liblinear,,0.0018615245819091797,541
781,10.0,450,,saga,0.8584401018534967,0.09520511627197266,91
782,10.0,450,,lbfgs,0.8584401018534967,0.03141937255859375,91
783,10.0,450,,newton-cg,0.8584401018534967,0.03671107292175293,91
784,10.0,500,l1,liblinear,0.8584401018534967,0.03848400115966797,91
785,10.0,500,l1,saga,0.8584401018534967,0.08997650146484375,91
786,10.0,500,l1,lbfgs,,0.0025341033935546873,541
787,10.0,500,l1,newton-cg,,0.0019073486328125,541
788,10.0,500,l2,liblinear,0.8584401018534967,0.02168560028076172,91
789,10.0,500,l2,saga,0.8584401018534967,0.07136650085449218,91
790,10.0,500,l2,lbfgs,0.8584401018534967,0.028717184066772462,91
791,10.0,500,l2,newton-cg,0.8584401018534967,0.03833537101745606,91
792,10.0,500,elasticnet,liblinear,,0.0020382881164550783,541
793,10.0,500,elasticnet,saga,,0.000803995132446289,541
794,10.0,500,elasticnet,lbfgs,,0.0024024009704589843,541
795,10.0,500,elasticnet,newton-cg,,0.001278066635131836,541
796,10.0,500,,liblinear,,0.002409029006958008,541
797,10.0,500,,saga,0.8584401018534967,0.07604470252990722,91
798,10.0,500,,lbfgs,0.8584401018534967,0.023397493362426757,91
799,10.0,500,,newton-cg,0.8584401018534967,0.03095555305480957,91
800,100.0,50,l1,liblinear,0.8584401018534967,0.03948755264282226,91
801,100.0,50,l1,saga,0.8584401018534967,0.11987318992614746,91
802,100.0,50,l1,lbfgs,,0.0027396678924560547,541
803,100.0,50,l1,newton-cg,,0.001740884780883789,541
804,100.0,50,l2,liblinear,0.8584401018534967,0.018884801864624025,91
805,100.0,50,l2,saga,0.8584401018534967,0.07460017204284668,91
806,100.0,50,l2,lbfgs,0.8584401018534967,0.02807788848876953,91
807,100.0,50,l2,newton-cg,0.8584401018534967,0.03861393928527832,91
808,100.0,50,elasticnet,liblinear,,0.0012006282806396485,541
809,100.0,50,elasticnet,saga,,0.0015797615051269531,541
810,100.0,50,elasticnet,lbfgs,,0.0022591114044189452,541
811,100.0,50,elasticnet,newton-cg,,0.0017507076263427734,541
812,100.0,50,,liblinear,,0.0029765605926513673,541
813,100.0,50,,saga,0.8584401018534967,0.09372997283935547,91
814,100.0,50,,lbfgs,0.8584401018534967,0.03198528289794922,91
815,100.0,50,,newton-cg,0.8584401018534967,0.034521627426147464,91
816,100.0,100,l1,liblinear,0.8584401018534967,0.0411649227142334,91
817,100.0,100,l1,saga,0.8584401018534967,0.09446887969970703,91
818,100.0,100,l1,lbfgs,,0.002030611038208008,541
819,100.0,100,l1,newton-cg,,0.0018255233764648438,541
820,100.0,100,l2,liblinear,0.8584401018534967,0.019291162490844727,91
821,100.0,100,l2,saga,0.8584401018534967,0.079402494430542,91
822,100.0,100,l2,lbfgs,0.8584401018534967,0.028127574920654298,91
823,100.0,100,l2,newton-cg,0.8584401018534967,0.03515934944152832,91
824,100.0,100,elasticnet,liblinear,,0.0024677276611328124,541
825,100.0,100,elasticnet,saga,,0.0016118526458740235,541
826,100.0,100,elasticnet,lbfgs,,0.0008043289184570312,541
827,100.0,100,elasticnet,newton-cg,,0.001611328125,541
828,100.0,100,,liblinear,,0.0016080856323242188,541
829,100.0,100,,saga,0.8584401018534967,0.07928829193115235,91
830,100.0,100,,lbfgs,0.8584401018534967,0.025191497802734376,91
831,100.0,100,,newton-cg,0.8584401018534967,0.033736658096313474,91
832,100.0,150,l1,liblinear,0.8584401018534967,0.041721773147583005,91
833,100.0,150,l1,saga,0.8584401018534967,0.11819596290588379,91
834,100.0,150,l1,lbfgs,,0.0007853984832763671,541
835,100.0,150,l1,newton-cg,,0.0014107704162597656,541
836,100.0,150,l2,liblinear,0.8584401018534967,0.019575214385986327,91
837,100.0,150,l2,saga,0.8584401018534967,0.07874054908752441,91
838,100.0,150,l2,lbfgs,0.8584401018534967,0.029174327850341797,91
839,100.0,150,l2,newton-cg,0.8584401018534967,0.03685922622680664,91
840,100.0,150,elasticnet,liblinear,,0.0034130573272705077,541
841,100.0,150,elasticnet,saga,,0.0018050193786621094,541
842,100.0,150,elasticnet,lbfgs,,0.0012085437774658203,541
843,100.0,150,elasticnet,newton-cg,,0.0019161701202392578,541
844,100.0,150,,liblinear,,0.0018770694732666016,541
845,100.0,150,,saga,0.8584401018534967,0.08213295936584472,91
846,100.0,150,,lbfgs,0.8584401018534967,0.026884126663208007,91
847,100.0,150,,newton-cg,0.8584401018534967,0.029792213439941408,91
848,100.0,200,l1,liblinear,0.8584401018534967,0.04060907363891601,91
849,100.0,200,l1,saga,0.8584401018534967,0.09322218894958496,91
850,100.0,200,l1,lbfgs,,0.001128387451171875,541
851,100.0,200,l1,newton-cg,,0.0021015167236328124,541
852,100.0,200,l2,liblinear,0.8584401018534967,0.02497415542602539,91
853,100.0,200,l2,saga,0.8584401018534967,0.09836001396179199,91
854,100.0,200,l2,lbfgs,0.8584401018534967,0.03050551414489746,91
855,100.0,200,l2,newton-cg,0.8584401018534967,0.038547086715698245,91
856,100.0,200,elasticnet,liblinear,,0.0016066074371337891,541
857,100.0,200,elasticnet,saga,,0.0032450675964355467,541
858,100.0,200,elasticnet,lbfgs,,0.0016760826110839844,541
859,100.0,200,elasticnet,newton-cg,,0.0014075279235839845,541
860,100.0,200,,liblinear,,0.0022517681121826173,541
861,100.0,200,,saga,0.8584401018534967,0.08137803077697754,91
862,100.0,200,,lbfgs,0.8584401018534967,0.03160967826843262,91
863,100.0,200,,newton-cg,0.8584401018534967,0.037699127197265626,91
864,100.0,250,l1,liblinear,0.8584401018534967,0.04215164184570312,91
865,100.0,250,l1,saga,0.8584401018534967,0.09474878311157227,91
866,100.0,250,l1,lbfgs,,0.0021970272064208984,541
867,100.0,250,l1,newton-cg,,0.0012124538421630859,541
868,100.0,250,l2,liblinear,0.8584401018534967,0.024378442764282228,91
869,100.0,250,l2,saga,0.8584401018534967,0.09609384536743164,91
870,100.0,250,l2,lbfgs,0.8584401018534967,0.02913661003112793,91
871,100.0,250,l2,newton-cg,0.8584401018534967,0.04202513694763184,91
872,100.0,250,elasticnet,liblinear,,0.0016600131988525391,541
873,100.0,250,elasticnet,saga,,0.000805807113647461,541
874,100.0,250,elasticnet,lbfgs,,0.0014941692352294922,541
875,100.0,250,elasticnet,newton-cg,,0.0027629852294921873,541
876,100.0,250,,liblinear,,0.0012959003448486327,541
877,100.0,250,,saga,0.8584401018534967,0.0937117099761963,91
878,100.0,250,,lbfgs,0.8584401018534967,0.028004217147827148,91
879,100.0,250,,newton-cg,0.8584401018534967,0.03688459396362305,91
880,100.0,300,l1,liblinear,0.8584401018534967,0.03865275382995605,91
881,100.0,300,l1,saga,0.8584401018534967,0.09031805992126465,91
882,100.0,300,l1,lbfgs,,0.0017855167388916016,541
883,100.0,300,l1,newton-cg,,0.001768016815185547,541
884,100.0,300,l2,liblinear,0.8584401018534967,0.02033395767211914,91
885,100.0,300,l2,saga,0.8584401018534967,0.07469425201416016,91
886,100.0,300,l2,lbfgs,0.8584401018534967,0.025008153915405274,91
887,100.0,300,l2,newton-cg,0.8584401018534967,0.030667495727539063,91
888,100.0,300,elasticnet,liblinear,,0.0017297744750976562,541
889,100.0,300,elasticnet,saga,,0.001226043701171875,541
890,100.0,300,elasticnet,lbfgs,,0.0016197681427001954,541
891,100.0,300,elasticnet,newton-cg,,0.0017976760864257812,541
892,100.0,300,,liblinear,,0.0022320270538330076,541
893,100.0,300,,saga,0.8584401018534967,0.08709807395935058,91
894,100.0,300,,lbfgs,0.8584401018534967,0.033836746215820314,91
895,100.0,300,,newton-cg,0.8584401018534967,0.037090730667114255,91
896,100.0,250,l1,liblinear,0.8584401018534967,0.04277734756469727,91
897,100.0,250,l1,saga,0.8584401018534967,0.11324505805969239,91
898,100.0,250,l1,lbfgs,,0.0016237735748291016,541
899,100.0,250,l1,newton-cg,,0.0012059688568115234,541
900,100.0,250,l2,liblinear,0.8584401018534967,0.019337034225463866,91
901,100.0,250,l2,saga,0.8584401018534967,0.07368273735046386,91
902,100.0,250,l2,lbfgs,0.8584401018534967,0.02810044288635254,91
903,100.0,250,l2,newton-cg,0.8584401018534967,0.03688030242919922,91
904,100.0,250,elasticnet,liblinear,,0.0014545440673828125,541
905,100.0,250,elasticnet,saga,,0.00208587646484375,541
906,100.0,250,elasticnet,lbfgs,,0.0014035701751708984,541
907,100.0,250,elasticnet,newton-cg,,0.0013766765594482421,541
908,100.0,250,,liblinear,,0.001206350326538086,541
909,100.0,250,,saga,0.8584401018534967,0.07507433891296386,91
910,100.0,250,,lbfgs,0.8584401018534967,0.024428176879882812,91
911,100.0,250,,newton-cg,0.8584401018534967,0.03085813522338867,91
912,100.0,400,l1,liblinear,0.8584401018534967,0.040009498596191406,91
913,100.0,400,l1,saga,0.8584401018534967,0.0941999912261963,91
914,100.0,400,l1,lbfgs,,0.0014261245727539063,541
915,100.0,400,l1,newton-cg,,0.0013652801513671874,541
916,100.0,400,l2,liblinear,0.8584401018534967,0.02010941505432129,91
917,100.0,400,l2,saga,0.8584401018534967,0.07411818504333496,91
918,100.0,400,l2,lbfgs,0.8584401018534967,0.031043052673339844,91
919,100.0,400,l2,newton-cg,0.8584401018534967,0.03488435745239258,91
920,100.0,400,elasticnet,liblinear,,0.0021451473236083984,541
921,100.0,400,elasticnet,saga,,0.001611185073852539,541
922,100.0,400,elasticnet,lbfgs,,0.0018310546875,541
923,100.0,400,elasticnet,newton-cg,,0.0012980461120605468,541
924,100.0,400,,liblinear,,0.0019954681396484376,541
925,100.0,400,,saga,0.8584401018534967,0.08765020370483398,91
926,100.0,400,,lbfgs,0.8584401018534967,0.031461238861083984,91
927,100.0,400,,newton-cg,0.8584401018534967,0.03617634773254395,91
928,100.0,450,l1,liblinear,0.8584401018534967,0.03276247978210449,91
929,100.0,450,l1,saga,0.8584401018534967,0.09605646133422852,91
930,100.0,450,l1,lbfgs,,0.0017155647277832032,541
931,100.0,450,l1,newton-cg,,0.0014886856079101562,541
932,100.0,450,l2,liblinear,0.8584401018534967,0.02399864196777344,91
933,100.0,450,l2,saga,0.8584401018534967,0.08747291564941406,91
934,100.0,450,l2,lbfgs,0.8584401018534967,0.030458593368530275,91
935,100.0,450,l2,newton-cg,0.8584401018534967,0.039508628845214847,91
936,100.0,450,elasticnet,liblinear,,0.002168750762939453,541
937,100.0,450,elasticnet,saga,,0.0014109134674072266,541
938,100.0,450,elasticnet,lbfgs,,0.0030501365661621095,541
939,100.0,450,elasticnet,newton-cg,,0.001624298095703125,541
940,100.0,450,,liblinear,,0.0016335487365722657,541
941,100.0,450,,saga,0.8584401018534967,0.07727909088134766,91
942,100.0,450,,lbfgs,0.8584401018534967,0.02821640968322754,91
943,100.0,450,,newton-cg,0.8584401018534967,0.03145442008972168,91
944,100.0,500,l1,liblinear,0.8584401018534967,0.044286251068115234,91
945,100.0,500,l1,saga,0.8584401018534967,0.10676240921020508,91
946,100.0,500,l1,lbfgs,,0.002415370941162109,541
947,100.0,500,l1,newton-cg,,0.0011390209197998046,541
948,100.0,500,l2,liblinear,0.8584401018534967,0.022283649444580077,91
949,100.0,500,l2,saga,0.8584401018534967,0.08362922668457032,91
950,100.0,500,l2,lbfgs,0.8584401018534967,0.03627057075500488,91
951,100.0,500,l2,newton-cg,0.8584401018534967,0.03986034393310547,91
952,100.0,500,elasticnet,liblinear,,0.0020555973052978514,541
953,100.0,500,elasticnet,saga,,0.001986408233642578,541
954,100.0,500,elasticnet,lbfgs,,0.002086782455444336,541
955,100.0,500,elasticnet,newton-cg,,0.0024745941162109377,541
956,100.0,500,,liblinear,,0.0010490894317626953,541
957,100.0,500,,saga,0.8584401018534967,0.1254671573638916,91
958,100.0,500,,lbfgs,0.8584401018534967,0.032983016967773435,91
959,100.0,500,,newton-cg,0.8584401018534967,0.04137420654296875,91
